标题,发布时间,分级信息
引发普通感冒的鼻病毒会将新冠病毒排挤出细胞！,1小时 ago,推荐
无厘头研究：植入虚假的记忆再抹去它们,4小时 ago,推荐
什么是仇恨犯罪？,8小时 ago,推荐
突发：LHCb发现了违背标准模型的现象,12小时 ago,普通
今日带货 20210324,14小时 ago,普通
舌战裸猿：IBM搞出了可以打辩论赛的AI,23小时 ago,普通
大吐槽：「我没醉，醉的是世界」,1天 ago,普通
今年世界总发电量的0.6%被用于挖比特币,1天 ago,普通
接种疫苗后还是感染新冠？不要为此惊讶,1天 ago,普通
今日带货：蛋友家的血橙,2天 ago,普通
科学家首次在野外检测到抗多药的超级真菌,2天 ago,普通
未在iPhone12盒中搭配充电器，苹果被巴西消协罚200万美元,2天 ago,普通
工程师将解决城市陷坑的问题,2天 ago,普通
今日带货：粉面专场,3天 ago,普通
科学家在碟子里培育出了泪腺，并让它哭泣,3天 ago,普通
疯狂实验进行时：把志愿者禁闭在黑暗的空间里40天,3天 ago,普通
今日带货 20210321,4天 ago,普通
我们已向外星人发送了哪些消息？,4天 ago,普通
脑力小体操：石头+剪刀 VS 石头+布,4天 ago,普通
发霉啦：今天，我终于向母亲摊牌了,5天 ago,普通
普渡大学的经济学家计算出世界各地幸福的价格,5天 ago,普通
人类首次观察到木星上极光黎明风暴的成形过程,5天 ago,普通
为女儿出头，母亲编辑假裸照败坏高中啦啦队队员的名誉,5天 ago,普通
今日带货：淘宝京东蛋友推荐,6天 ago,普通
